PassedRepos,Annotation
ahmad-abdellatif/n2,
ahmad-abdellatif/neuralcoref,
ahmad-abdellatif/nlg-eval,
ahmad-abdellatif/NLPre,
ahmad-abdellatif/nnmnkwii,
ahmad-abdellatif/nnom,
ahmad-abdellatif/OutlierDenStream,
ahmad-abdellatif/pescador,
ahmad-abdellatif/polylearn,
ahmad-abdellatif/pyaf,
ahmad-abdellatif/pycobra,
ahmad-abdellatif/PyKOMORAN,
ahmad-abdellatif/pyrrha-pynode,
ahmad-abdellatif/pywsd,
ahmad-abdellatif/qpth,
ahmad-abdellatif/quantulum3,
ahmad-abdellatif/recoder,
ahmad-abdellatif/rrcf,
ahmad-abdellatif/sacremoses,
ahmad-abdellatif/scattertext,
ahmad-abdellatif/scikit-optimize,
ahmad-abdellatif/seglearn,
ahmad-abdellatif/seqeval,
ahmad-abdellatif/setka,
ahmad-abdellatif/sherpa,
ahmad-abdellatif/timefhuman,
ahmad-abdellatif/triage,
ahmad-abdellatif/TSCV,
ahmad-abdellatif/w2n,
ahmad-abdellatif/wwdata,